{"cameraMode":{"drawMode":0,"name":"Shaded","section":"Shading Mode"},"sceneLighting":true,"audioPlay":false,"sceneViewState":{"showFog":true,"showMaterialUpdate":false,"showSkybox":true,"showFlares":true,"showImageEffects":true,"showParticleSystems":true},"in2DMode":false,"pivot":{"x":-0.9040627479553223,"y":9.46453857421875,"z":-8.948722839355469},"rotation":{"x":-0.37221094965934756,"y":-0.22008077800273896,"z":0.09131856262683869,"w":-0.897047221660614},"size":17.721960067749025,"orthographic":false}