{"cameraMode":{"drawMode":0,"name":"Shaded","section":"Shading Mode"},"sceneLighting":false,"audioPlay":false,"sceneViewState":{"showFog":true,"showMaterialUpdate":false,"showSkybox":false,"showFlares":true,"showImageEffects":true,"showParticleSystems":true},"in2DMode":false,"pivot":{"x":1.3583364486694337,"y":-0.03342852741479874,"z":-0.5323746800422669},"rotation":{"x":-0.15372417867183686,"y":-0.4094466269016266,"z":0.07020490616559982,"w":-0.8965547680854797},"size":4.041658401489258,"orthographic":false}