{"cameraMode":{"drawMode":0,"name":"Shaded","section":"Shading Mode"},"sceneLighting":true,"audioPlay":false,"sceneViewState":{"showFog":true,"showMaterialUpdate":false,"showSkybox":true,"showFlares":true,"showImageEffects":true,"showParticleSystems":true},"in2DMode":false,"pivot":{"x":7.61412239074707,"y":5.134510517120361,"z":-4.499746799468994},"rotation":{"x":-0.23059915006160737,"y":0.31510278582572939,"z":-0.0792216956615448,"w":-0.9172070026397705},"size":7.244753360748291,"orthographic":false}