{"cameraMode":{"drawMode":0,"name":"Shaded","section":"Shading Mode"},"sceneLighting":true,"audioPlay":false,"sceneViewState":{"showFog":true,"showMaterialUpdate":false,"showSkybox":true,"showFlares":true,"showImageEffects":true,"showParticleSystems":true},"in2DMode":false,"pivot":{"x":38.604557037353519,"y":-44.80104064941406,"z":6.501993179321289},"rotation":{"x":-0.33635151386260989,"y":-0.5270484089851379,"z":0.23829960823059083,"w":-0.7433852553367615},"size":87.28015899658203,"orthographic":false}