{"cameraMode":{"drawMode":0,"name":"Shaded","section":"Shading Mode"},"sceneLighting":true,"audioPlay":false,"sceneViewState":{"showFog":true,"showMaterialUpdate":false,"showSkybox":true,"showFlares":true,"showImageEffects":true,"showParticleSystems":true},"in2DMode":false,"pivot":{"x":10.870494842529297,"y":-34.241390228271487,"z":26.549915313720704},"rotation":{"x":0.41891786456108096,"y":0.02144216187298298,"z":-0.009817642159759999,"w":0.9078876376152039},"size":88.34817504882813,"orthographic":false}