{"cameraMode":{"drawMode":0,"name":"Shaded","section":"Shading Mode"},"sceneLighting":true,"audioPlay":false,"sceneViewState":{"showFog":true,"showMaterialUpdate":false,"showSkybox":true,"showFlares":true,"showImageEffects":true,"showParticleSystems":true},"in2DMode":false,"pivot":{"x":31.146116256713868,"y":23.621610641479493,"z":41.26921844482422},"rotation":{"x":-0.16374117136001588,"y":0.828821063041687,"z":-0.43495887517929079,"w":-0.31185978651046755},"size":4.041658401489258,"orthographic":false}