{"cameraMode":{"drawMode":0,"name":"Shaded","section":"Shading Mode"},"sceneLighting":true,"audioPlay":false,"sceneViewState":{"showFog":true,"showMaterialUpdate":false,"showSkybox":true,"showFlares":true,"showImageEffects":true,"showParticleSystems":true},"in2DMode":false,"pivot":{"x":7.460168838500977,"y":5.192099571228027,"z":-4.583883762359619},"rotation":{"x":-0.225398451089859,"y":0.3278231620788574,"z":-0.08085305988788605,"w":-0.9138931632041931},"size":7.244753360748291,"orthographic":false}