{"cameraMode":{"drawMode":0,"name":"Shaded","section":"Shading Mode"},"sceneLighting":true,"audioPlay":false,"sceneViewState":{"showFog":true,"showMaterialUpdate":false,"showSkybox":true,"showFlares":true,"showImageEffects":true,"showParticleSystems":true},"in2DMode":false,"pivot":{"x":6.433594703674316,"y":-42.909366607666019,"z":15.860806465148926},"rotation":{"x":0.49504247307777407,"y":-0.005545449443161488,"z":0.0032347801607102157,"w":0.8690211176872253},"size":88.34817504882813,"orthographic":false}