{"cameraMode":{"drawMode":0,"name":"Shaded","section":"Shading Mode"},"sceneLighting":true,"audioPlay":false,"sceneViewState":{"showFog":true,"showMaterialUpdate":false,"showSkybox":true,"showFlares":true,"showImageEffects":true,"showParticleSystems":true},"in2DMode":false,"pivot":{"x":21.882835388183595,"y":21.264434814453126,"z":-5.105555534362793},"rotation":{"x":0.36929020285606387,"y":-0.4338621199131012,"z":0.20090027153491975,"w":0.7970978021621704},"size":10.398221015930176,"orthographic":false}