{"cameraMode":{"drawMode":0,"name":"Shaded","section":"Shading Mode"},"sceneLighting":true,"audioPlay":false,"sceneViewState":{"showFog":true,"showMaterialUpdate":false,"showSkybox":true,"showFlares":true,"showImageEffects":true,"showParticleSystems":true},"in2DMode":false,"pivot":{"x":74.44685363769531,"y":-36.938201904296878,"z":1.0123376846313477},"rotation":{"x":0.23317591845989228,"y":0.6127219796180725,"z":-0.19574689865112306,"w":0.7295131087303162},"size":88.34817504882813,"orthographic":false}