{"cameraMode":{"drawMode":0,"name":"Shaded","section":"Shading Mode"},"sceneLighting":false,"audioPlay":false,"sceneViewState":{"showFog":true,"showMaterialUpdate":false,"showSkybox":false,"showFlares":true,"showImageEffects":true,"showParticleSystems":true},"in2DMode":false,"pivot":{"x":0.28093039989471438,"y":0.002671993337571621,"z":-0.05875111743807793},"rotation":{"x":-0.2596065402030945,"y":-0.5628485679626465,"z":0.19204184412956239,"w":-0.7608730792999268},"size":4.041658401489258,"orthographic":false}