{"cameraMode":{"drawMode":0,"name":"Shaded","section":"Shading Mode"},"sceneLighting":true,"audioPlay":false,"sceneViewState":{"showFog":true,"showMaterialUpdate":false,"showSkybox":true,"showFlares":true,"showImageEffects":true,"showParticleSystems":true},"in2DMode":false,"pivot":{"x":6.546164512634277,"y":-38.03532791137695,"z":21.817089080810548},"rotation":{"x":0.4500536322593689,"y":-0.013739523477852345,"z":0.007001420017331839,"w":0.8930405974388123},"size":88.34817504882813,"orthographic":false}