{"cameraMode":{"drawMode":0,"name":"Shaded","section":"Shading Mode"},"sceneLighting":true,"audioPlay":false,"sceneViewState":{"showFog":true,"showMaterialUpdate":false,"showSkybox":true,"showFlares":true,"showImageEffects":true,"showParticleSystems":true},"in2DMode":false,"pivot":{"x":31.51338768005371,"y":-39.67568588256836,"z":96.96173858642578},"rotation":{"x":-0.24777913093566895,"y":-0.05741714686155319,"z":0.01475133839994669,"w":-0.9671273231506348},"size":122.7208480834961,"orthographic":false}