{"cameraMode":{"drawMode":0,"name":"Shaded","section":"Shading Mode"},"sceneLighting":false,"audioPlay":false,"sceneViewState":{"showFog":true,"showMaterialUpdate":false,"showSkybox":false,"showFlares":true,"showImageEffects":true,"showParticleSystems":true},"in2DMode":false,"pivot":{"x":5.082773208618164,"y":-2.54298996925354,"z":-0.4067925810813904},"rotation":{"x":0.13889698684215547,"y":0.7887634038925171,"z":-0.19328343868255616,"w":0.5668260455131531},"size":7.718728542327881,"orthographic":false}