{"cameraMode":{"drawMode":0,"name":"Shaded","section":"Shading Mode"},"sceneLighting":true,"audioPlay":false,"sceneViewState":{"showFog":true,"showMaterialUpdate":false,"showSkybox":true,"showFlares":true,"showImageEffects":true,"showParticleSystems":true},"in2DMode":false,"pivot":{"x":33.2426643371582,"y":30.143983840942384,"z":-11.562259674072266},"rotation":{"x":0.371610164642334,"y":0.003211892442777753,"z":-0.0014328028773888946,"w":0.9284629821777344},"size":2.93212890625,"orthographic":false}