{"cameraMode":{"drawMode":0,"name":"Shaded","section":"Shading Mode"},"sceneLighting":true,"audioPlay":false,"sceneViewState":{"showFog":true,"showMaterialUpdate":false,"showSkybox":true,"showFlares":true,"showImageEffects":true,"showParticleSystems":true},"in2DMode":false,"pivot":{"x":-7.264269828796387,"y":-13.639184951782227,"z":10.60193920135498},"rotation":{"x":-0.22680515050888062,"y":0.41541025042533877,"z":-0.10785141587257385,"w":-0.8744826316833496},"size":57.08359146118164,"orthographic":false}