{"cameraMode":{"drawMode":0,"name":"Shaded","section":"Shading Mode"},"sceneLighting":true,"audioPlay":false,"sceneViewState":{"showFog":true,"showMaterialUpdate":false,"showSkybox":true,"showFlares":true,"showImageEffects":true,"showParticleSystems":true},"in2DMode":false,"pivot":{"x":22.516613006591798,"y":17.055620193481447,"z":0.9500975608825684},"rotation":{"x":-0.39041322469711306,"y":0.2526756823062897,"z":-0.1121026948094368,"w":-0.8783290386199951},"size":11.72574234008789,"orthographic":false}