{"cameraMode":{"drawMode":0,"name":"Shaded","section":"Shading Mode"},"sceneLighting":false,"audioPlay":false,"sceneViewState":{"showFog":true,"showMaterialUpdate":false,"showSkybox":false,"showFlares":true,"showImageEffects":true,"showParticleSystems":true},"in2DMode":false,"pivot":{"x":-1.7803958654403687,"y":1.0137295722961426,"z":-1.856189250946045},"rotation":{"x":0.00022598895884584635,"y":0.9980801939964294,"z":-0.06327211856842041,"w":0.00392562011256814},"size":6.832188606262207,"orthographic":false}