{"cameraMode":{"drawMode":0,"name":"Shaded","section":"Shading Mode"},"sceneLighting":false,"audioPlay":false,"sceneViewState":{"showFog":true,"showMaterialUpdate":false,"showSkybox":false,"showFlares":true,"showImageEffects":true,"showParticleSystems":true},"in2DMode":false,"pivot":{"x":2.0705323219299318,"y":-0.5785923600196838,"z":1.168844223022461},"rotation":{"x":0.15940065681934358,"y":0.6832509636878967,"z":-0.15655452013015748,"w":0.6952502727508545},"size":3.4618117809295656,"orthographic":false}