{"cameraMode":{"drawMode":0,"name":"Shaded","section":"Shading Mode"},"sceneLighting":false,"audioPlay":false,"sceneViewState":{"showFog":true,"showMaterialUpdate":false,"showSkybox":false,"showFlares":true,"showImageEffects":true,"showParticleSystems":true},"in2DMode":false,"pivot":{"x":15.525784492492676,"y":4.762504577636719,"z":-13.559020042419434},"rotation":{"x":0.1440480351448059,"y":-0.838664174079895,"z":0.26592588424682619,"w":0.45316535234451296},"size":1.057809591293335,"orthographic":false}