{"cameraMode":{"drawMode":0,"name":"Shaded","section":"Shading Mode"},"sceneLighting":false,"audioPlay":false,"sceneViewState":{"showFog":true,"showMaterialUpdate":false,"showSkybox":false,"showFlares":true,"showImageEffects":true,"showParticleSystems":true},"in2DMode":false,"pivot":{"x":2.7354958057403566,"y":-1.7177923917770386,"z":-4.351646900177002},"rotation":{"x":-0.038015395402908328,"y":-0.9528152346611023,"z":0.13407789170742036,"w":-0.2698846757411957},"size":7.718728542327881,"orthographic":false}