{"cameraMode":{"drawMode":0,"name":"Shaded","section":"Shading Mode"},"sceneLighting":false,"audioPlay":false,"sceneViewState":{"showFog":true,"showMaterialUpdate":false,"showSkybox":false,"showFlares":true,"showImageEffects":true,"showParticleSystems":true},"in2DMode":false,"pivot":{"x":1.7102445363998414,"y":1.2331217527389527,"z":-0.4509512484073639},"rotation":{"x":-0.2245979756116867,"y":0.24651601910591126,"z":-0.05884987488389015,"w":-0.9409547448158264},"size":1.9638938903808594,"orthographic":false}