{"cameraMode":{"drawMode":0,"name":"Shaded","section":"Shading Mode"},"sceneLighting":false,"audioPlay":false,"sceneViewState":{"showFog":true,"showMaterialUpdate":false,"showSkybox":false,"showFlares":true,"showImageEffects":true,"showParticleSystems":true},"in2DMode":false,"pivot":{"x":0.3329547047615051,"y":4.081950664520264,"z":3.4700474739074709},"rotation":{"x":-0.0010265674209222198,"y":0.9971282482147217,"z":0.013151440769433976,"w":0.07585833221673966},"size":3.5159943103790285,"orthographic":false}