{"cameraMode":{"drawMode":0,"name":"Shaded","section":"Shading Mode"},"sceneLighting":false,"audioPlay":false,"sceneViewState":{"showFog":true,"showMaterialUpdate":false,"showSkybox":false,"showFlares":true,"showImageEffects":true,"showParticleSystems":true},"in2DMode":false,"pivot":{"x":1.3198702335357667,"y":-0.255819708108902,"z":1.1199092864990235},"rotation":{"x":-0.11243794113397598,"y":-0.8356997966766357,"z":0.18626488745212556,"w":-0.5043820142745972},"size":2.302462100982666,"orthographic":false}