{"cameraMode":{"drawMode":0,"name":"Shaded","section":"Shading Mode"},"sceneLighting":true,"audioPlay":false,"sceneViewState":{"showFog":true,"showMaterialUpdate":false,"showSkybox":true,"showFlares":true,"showImageEffects":true,"showParticleSystems":true},"in2DMode":false,"pivot":{"x":4.487419605255127,"y":6.566554069519043,"z":-11.075356483459473},"rotation":{"x":-0.31074896454811098,"y":-0.22009475529193879,"z":0.07449298352003098,"w":-0.9217917323112488},"size":14.761261940002442,"orthographic":false}