{"cameraMode":{"drawMode":0,"name":"Shaded","section":"Shading Mode"},"sceneLighting":false,"audioPlay":false,"sceneViewState":{"showFog":true,"showMaterialUpdate":false,"showSkybox":false,"showFlares":true,"showImageEffects":true,"showParticleSystems":true},"in2DMode":false,"pivot":{"x":0.7225419282913208,"y":-2.913942337036133,"z":-2.709939479827881},"rotation":{"x":0.012906857766211033,"y":0.9508979320526123,"z":-0.30701810121536257,"w":0.03969067707657814},"size":7.745974063873291,"orthographic":false}