{"cameraMode":{"drawMode":0,"name":"Shaded","section":"Shading Mode"},"sceneLighting":true,"audioPlay":false,"sceneViewState":{"showFog":true,"showMaterialUpdate":false,"showSkybox":true,"showFlares":true,"showImageEffects":true,"showParticleSystems":true},"in2DMode":false,"pivot":{"x":8.171753883361817,"y":8.748787879943848,"z":-21.79233169555664},"rotation":{"x":-0.23189479112625123,"y":0.04755718633532524,"z":-0.01135135069489479,"w":-0.9715154767036438},"size":9.823025703430176,"orthographic":false}