{"cameraMode":{"drawMode":0,"name":"Shaded","section":"Shading Mode"},"sceneLighting":true,"audioPlay":false,"sceneViewState":{"showFog":true,"showMaterialUpdate":false,"showSkybox":true,"showFlares":true,"showImageEffects":true,"showParticleSystems":true},"in2DMode":false,"pivot":{"x":27.31180763244629,"y":11.340082168579102,"z":26.15543556213379},"rotation":{"x":0.032490089535713199,"y":0.9124411940574646,"z":-0.40125682950019839,"w":0.07382988929748535},"size":1.0138479471206666,"orthographic":false}