{"cameraMode":{"drawMode":0,"name":"Shaded","section":"Shading Mode"},"sceneLighting":true,"audioPlay":false,"sceneViewState":{"showFog":true,"showMaterialUpdate":false,"showSkybox":true,"showFlares":true,"showImageEffects":true,"showParticleSystems":true},"in2DMode":false,"pivot":{"x":18.108531951904298,"y":12.095097541809082,"z":16.003938674926759},"rotation":{"x":0.2068590670824051,"y":0.5923164486885071,"z":-0.16100536286830903,"w":0.7619499564170837},"size":5.632129669189453,"orthographic":false}