{"cameraMode":{"drawMode":0,"name":"Shaded","section":"Shading Mode"},"sceneLighting":false,"audioPlay":false,"sceneViewState":{"showFog":true,"showMaterialUpdate":false,"showSkybox":false,"showFlares":true,"showImageEffects":true,"showParticleSystems":true},"in2DMode":false,"pivot":{"x":6.493140697479248,"y":-2.1135823726654054,"z":-2.342313289642334},"rotation":{"x":0.07951146364212036,"y":0.8246098756790161,"z":-0.1198442205786705,"w":0.5472803711891174},"size":248.8018341064453,"orthographic":false}