{"cameraMode":{"drawMode":0,"name":"Shaded","section":"Shading Mode"},"sceneLighting":false,"audioPlay":false,"sceneViewState":{"showFog":true,"showMaterialUpdate":false,"showSkybox":false,"showFlares":true,"showImageEffects":true,"showParticleSystems":true},"in2DMode":false,"pivot":{"x":7.757733345031738,"y":-3.38746976852417,"z":-1.3310363292694092},"rotation":{"x":-0.13953642547130586,"y":-0.7235910296440125,"z":0.15332642197608949,"w":-0.6584994196891785},"size":21.920639038085939,"orthographic":false}